Model,Average Time (s),Num Parameters,FLOPs,Accuracy (%),,Patch_size,Embed_dim,Heads,Layers,Epochs
ViT-A,109.9879395,6594404,1.07006E+11,0.01,,8,256,2,8,27
ViT-B,213.2141434,4000612,2.12577E+11,0.01,,4,256,4,4,27
ViT-C,66.19944401,3435364,54120185856,0.01,,8,256,2,4,27
ViT-D,416.6080148,7159652,4.2392E+11,0.01,,4,256,2,8,27
ResNet-18,47.26588571,11227812,58354335744,0.5479,,,,,,
