Model,Average Time (s),Num Parameters,FLOPs,Accuracy (%)
ViT-A,232.9332766532898,17374820,107006427136.0,0.01
ViT-B,943.3577144474818,18505316,423919648768.0,0.01
ViT-C,270.3968433511668,17374820,107006427136.0,0.01
ViT-D,487.39571272093673,10094180,212576796672.0,0.01
ResNet-18,61.89740662574768,11227812,29177167872.0,0.5577
